{"cameraMode":{"drawMode":0,"name":"Shaded","section":"Shading Mode"},"sceneLighting":false,"audioPlay":false,"sceneViewState":{"m_AlwaysRefresh":false,"showFog":true,"showSkybox":false,"showFlares":true,"showImageEffects":true,"showParticleSystems":true,"showVisualEffectGraphs":true,"m_FxEnabled":true},"in2DMode":false,"pivot":{"x":-0.18447573482990266,"y":0.6702946424484253,"z":-0.779244065284729},"rotation":{"x":0.20221707224845887,"y":0.025553135201334955,"z":0.005290112923830748,"w":-0.9790028929710388},"size":0.9852189421653748,"orthographic":false}